1,1,1,COMPTES DE FINANCEMENT PERMANENT,Equity,,1
1,2,11,CAPITAUX PROPRES,,,1
1,3,111,Capital social ou personnel,,,1
1,4,1111,Capital social,,,0
1,4,1112,Fonds de dotation,,,0
1,4,1117,Capital personnel,,,1
1,5,11171,Capital individuel,,,0
1,5,11175,Compte de l'exploitant,,,0
1,4,1119,"Actionnaires, capital souscrit-non appelé",,,0
1,3,112,"Primes d'émission, de fusion et d'apport",,,1
1,4,1121,Primes d'émission,,,0
1,4,1122,Primes de fusion,,,0
1,4,1123,Primes d'apport,,,0
1,3,113,Ecarts de réévaluation,,,1
1,4,1130,Ecarts de réévaluation,,,0
1,3,114,Réserve légale,,,1
1,4,1140,Réserve légale,,,0
1,3,115,Autres réserves,,,1
1,4,1151,Réserves statutaires ou contractuelles,,,0
1,4,1152,Réserves facultatives,,,0
1,4,1155,Réserves réglementées,,,0
1,3,116,Report à nouveau,,,1
1,4,1161,Report à nouveau (solde créditeur),,,0
1,4,1169,Report à nouveau (solde débiteur),,,0
1,3,118,Résultats nets en instance d'affectation,,,1
1,4,1181,Résultats nets en instance d'affectation (solde créditeur),,,0
1,4,1189,Résultats nets en instance d'affectation (solde débiteur),,,0
1,3,119,Résultat net de l'exercice,,,1
1,4,1191,Résultat net de l'exercice (solde créditeur),,,0
1,4,1199,Résultat net de l'exercice (solde débiteur),,,0
1,2,13,CAPITAUX PROPRES ASSIMILES,,,1
1,3,131,Subventions d'investissement,,,1
1,4,1311,Subventions d'investissement reçues,,,0
1,4,1319,Subventions d'investissement inscrites au CPC,,,0
1,3,135,Provisions réglementées,,,1
1,4,1351,Provisions pour amortissements dérogatoires,,,0
1,4,1352,Provisions pour plus-values en instance d'imposition,,,0
1,4,1354,Provisions pour investissements,,,0
1,4,1355,Provisions pour reconstitution des gisements,,,0
1,4,1356,Provisions pour acquisition et construction de logements,,,0
1,4,1358,Autres provisions réglementées,,,0
1,2,14,DETTES DE FINANCEMENT,,,1
1,3,141,Emprunts obligataires,,,1
1,4,1410,Emprunts obligataires,,,0
1,3,148,Autres dettes de financement,,,1
1,4,1481,Emprunts auprès des établissements de crédit,,,0
1,4,1482,Avances de l'Etat,,,0
1,4,1483,Dettes rattachées à des participations,,,0
1,4,1484,Billets de fonds,,,0
1,4,1485,Avances reçues et comptes courants bloqués,,,0
1,4,1486,Fournisseurs d'immobilisation,,,0
1,4,1487,Dépôts et cautionnements reçues,,,0
1,4,1488,Dettes de financement diverses,,,0
1,2,15,provisions durables pour risques et charges,,,1
1,3,151,Provisions pour risques,,,1
1,4,1511,Provisions pour litiges,,,0
1,4,1512,Provisions pour garanties données aux clients,,,0
1,4,1513,Provisions pour propre assureur,,,0
1,4,1514,Provision pour pertes sur marchés à terme,,,0
1,4,1515,"Provisions pour amendes, double droits, pénalités",,,0
1,4,1516,Provisions pour pertes de change,,,0
1,4,1518,Autres provisions pour risques,,,0
1,3,155,Provisions pour charges,,,1
1,4,1551,Provisions pour impôts,,,0
1,4,1552,Provisions pour pensions de retraite et obligations similaires,,,0
1,4,1555,Provisions pour charges à répartir sur plusieurs exercices,,,0
1,4,1558,Autres provisions pour charges,,,0
1,2,16,COMPTES DE LIAISON DES ETABLISSEMENTS ET SUCCURSALES,,,1
1,3,160,Comptes de liaison des établissements et succursales,,,1
1,4,1601,Comptes de liaison du siège,,,0
1,4,1605,Comptes de liaison des établissements,,,0
1,2,17,Ecarts de conversion - Passif,,,1
1,3,171,Augmentation des créances immobilisées,,,1
1,4,1710,Augmentation des créances immobilisées,,,0
1,3,172,Diminution des dettes de financement,,,1
1,4,1720,Diminution des dettes de financement,,,0
2,1,2,COMPTES D'ACTIF IMMOBILISE,Asset,,1
2,2,21,IMMOBILISATIONS EN NON-VALEURS,,,1
2,3,211,Frais préliminaires,,,1
2,4,2111,Frais de constitution,,,0
2,4,2112,Frais préalables au démarrage,,,0
2,4,2113,Frais d'augmentation du capital,,,0
2,4,2114,"Frais sur opérations de fusions, scissions et transformations",,,0
2,4,2116,Frais de prospection,,,0
2,4,2117,Frais de publicité,,,0
2,4,2118,Autres frais préliminaires,,,0
2,3,212,Charges à répartir sur plusieurs exercices,,,1
2,4,2121,Frais d'acquisitition des immobilisations,,,0
2,4,2125,Frais d'émission des emprunts,,,0
2,4,2128,Autres charges à répartir,,,0
2,3,213,Primes de remboursement des obligations,,,1
2,4,2130,Primes de remboursement des obligations,,,0
2,2,22,IMMOBILISATIONS INCORPORELLES,,,1
2,3,221,Immobilisation en recherche et développement,,,1
2,4,2210,Immobilisation en recherche et développement,,,0
2,3,222,"Brevets, marques, droits et valeurs similaires",,,1
2,4,2220,"Brevets, marques, droits et valeurs similaires",,,0
2,3,223,Fonds commercial,,,1
2,4,2230,Fonds commercial,,,0
2,3,228,Autres immobilisations incorporelles,,,1
2,4,2285,Autres immobilisations incorporelles,,,0
2,2,23,IMMOBILISATIONS CORPORELLES,,Fixed Asset,1
2,3,231,Terrains,,Fixed Asset,1
2,4,2311,Terrains nus,,Fixed Asset,0
2,4,2312,Terrains aménagés,,Fixed Asset,0
2,4,2313,Terrains bâtis,,Fixed Asset,0
2,4,2314,Terrains de gisement,,Fixed Asset,0
2,4,2316,Agencements et aménagements de terrains,,Fixed Asset,0
2,4,2318,Autres terrains,,Fixed Asset,0
2,3,232,Constructions,,Fixed Asset,1
2,4,2321,Bâtiments,,Fixed Asset,1
2,5,23211,"Bâtiments industriels (A,B,,,)",,Fixed Asset,0
2,5,23214,"Bâtiments administratifs et commerciaux (A,B,,,)",,Fixed Asset,0
2,5,23218,Autres bâtiments,,Fixed Asset,0
2,4,2323,Constructions sur terrains d'autrui,,Fixed Asset,0
2,4,2325,Ouvrages d'infrastructure,,Fixed Asset,0
2,4,2327,Agencements et aménagements des constructions,,Fixed Asset,0
2,4,2328,Autres constructions,,Fixed Asset,0
2,3,233,"Installations techniques, matériel et outillage",,Fixed Asset,1
2,4,2331,Installations techniques,,Fixed Asset,0
2,4,2332,Matériel et outillage,,Fixed Asset,1
2,5,23321,Matériel,,Fixed Asset,0
2,5,23324,Outillage,,Fixed Asset,0
2,4,2333,Emballages récupérables identifiables,,Fixed Asset,0
2,4,2338,"Autres installations techniques, matériel et outillage",,Fixed Asset,0
2,3,234,Matériel de transport,,Fixed Asset,1
2,4,2340,Matériel de transport,,Fixed Asset,0
2,3,235,"Mobilier, matériel de bureau et aménagements divers",,Fixed Asset,1
2,4,2351,Mobilier de bureau,,Fixed Asset,0
2,4,2352,Matériel de bureau,,Fixed Asset,0
2,4,2355,Matériel informatique,,Fixed Asset,0
2,4,2356,"Agencements, installations et aménagements divers (biens n'appartenant pas à l'entreprise)",,Fixed Asset,0
2,4,2358,"Autres mobilier, matériel de bureau et aménagements divers",,Fixed Asset,0
2,3,238,Autres immobilisations corporelles,,Fixed Asset,1
2,4,2380,Autres immobilisations corporelles,,Fixed Asset,0
2,3,239,Immobilisations corporelles en cours,,Fixed Asset,1
2,4,2392,Immobilisations corporelles en cours des terrains et constructions,,Fixed Asset,0
2,4,2393,"Immobilisations corporelles en cours des installations techniques, matériel et outillage",,Fixed Asset,0
2,4,2394,Immobilisations corporelles en cours de matériel de transport,,Fixed Asset,0
2,4,2395,"Immobilisations corporelles en cours de mobilier, matériel de bureau et aménagements divers",,Fixed Asset,0
2,4,2397,Avances et acomptes versés sur commandes d'immobilisations corporelles,,Fixed Asset,0
2,4,2398,Autres immobilisations corporelles en cours,,Fixed Asset,0
2,2,24,IMMOBILSATIONS FINANCIERES,,,1
2,3,241,Prêts immobilsés,,Receivable,0
2,4,2441,Prêts au personnel,,Receivable,0
2,4,2415,Prêts aux associés,,Receivable,0
2,4,2416,Billets de fonds,,Receivable,0
2,4,2418,Autres prêts,,Receivable,0
2,3,248,Autres créances financières,,Receivable,1
2,4,2481,Titres immobilisés (droits de créance),,Receivable,1
2,5,24811,Obligations,,Receivable,0
2,5,24813,Bons d'équipement,,Receivable,0
2,5,24818,Bons divers,,Receivable,0
2,4,2483,Créances rattachées à des participations,,Receivable,0
2,4,2486,Dépôts et cautionnements versés,,Receivable,1
2,5,24861,Dépôts,,Receivable,0
2,5,24864,Cautionnements,,Receivable,0
2,4,2487,Créances immobilisées,,Receivable,0
2,4,2488,Créances financères diverses,,Receivable,0
2,2,25,IMMOBILSATIONS FINANCIERES,,,1
2,3,251,Titres de participation,,Receivable,1
2,4,2510,Titres de participation,,Receivable,0
2,3,258,Autres titres immobilisés,,Receivable,1
2,4,2581,Actions,,Receivable,0
2,4,2588,Titres divers,,Receivable,0
2,2,27,ECARTS DE CONVERSION - ACTIF,,,1
2,3,271,Diminution des créances immobilisées,,,1
2,4,2710,Diminution des créances immobilisées,,,0
2,3,272,Augmentation des dettes de financement,,,1
2,4,2720,Augmentation des dettes de financement,,,0
2,2,28,AMORTISSEMENTS DES IMMOBILISATIONS,,Accumulated Depreciation,1
2,3,281,Amortissements des non-valeurs,,Accumulated Depreciation,1
2,4,2811,Amortissements des frais préliminaires,,Accumulated Depreciation,1
2,5,28111,Amortissements des frais de constitution,,Accumulated Depreciation,0
2,5,28112,Amortissements des frais préliminaires au démarrage,,Accumulated Depreciation,0
2,5,28113,Amortissements des frais d'augmentation du capital,,Accumulated Depreciation,0
2,5,28114,"Amortissements des frais sur opérations de fusions, scissions, et transformations",,Accumulated Depreciation,0
2,5,28116,Amortissements des frais de prospection,,Accumulated Depreciation,0
2,5,28117,Amortissements des frais de publicité,,Accumulated Depreciation,0
2,5,28118,Amortissements des autres frais préliminaires,,Accumulated Depreciation,0
2,4,2812,Amortissements des charges à répartir,,Accumulated Depreciation,1
2,5,28121,Amortissements des frais d'acquisition des immobilisations,,Accumulated Depreciation,0
2,5,28125,Amortissements des frais d'émission des emprunts,,Accumulated Depreciation,0
2,5,28128,Amortissements des autres charges à répartir,,Accumulated Depreciation,0
2,4,2813,Amortissements des primes de remboursement des obligations,,Accumulated Depreciation,0
2,3,282,Amortissements des immobilisations incorporelles,,Accumulated Depreciation,1
2,4,2821,Amortissements de l'immobilisation en recherche et développement,,Accumulated Depreciation,0
2,4,2822,"Amortissements des brevets, marques, droits et valeurs similaires",,Accumulated Depreciation,0
2,4,2823,Amortissements du fonds commercial,,Accumulated Depreciation,0
2,4,2828,Amortissements des autres immobilisations incorporelles,,Accumulated Depreciation,0
2,3,283,Amortissements des immobilisations corporelles,,Accumulated Depreciation,1
2,4,2831,Amortissements des terrains,,Accumulated Depreciation,1
2,5,28311,Amortissements des terrains nus,,Accumulated Depreciation,0
2,5,28312,Amortissements des terrains aménagés,,Accumulated Depreciation,0
2,5,28313,Amortissements des terrains bâtis,,Accumulated Depreciation,0
2,5,28314,Amortissements des terrains de gisement,,Accumulated Depreciation,0
2,5,28136,Amortissements des agencements et aménagements de terrains,,Accumulated Depreciation,0
2,5,28138,Amortissements des autres terrains,,Accumulated Depreciation,0
2,4,2832,Amortissements des constructions,,Accumulated Depreciation,1
2,5,28321,Amortissements des bâtiments,,Accumulated Depreciation,0
2,5,28323,Amortissements des constructions sur terrains d'autrui,,Accumulated Depreciation,0
2,5,28325,Amortissements des ouvrages d'infrastructure,,Accumulated Depreciation,0
2,5,28327,"Amortissements des installations, agencements et aménagements des constructions",,Accumulated Depreciation,0
2,5,28328,Amortissements des autres constructions,,Accumulated Depreciation,0
2,4,2833,"Amortissements des installations techniques, matériel et outillage",,Accumulated Depreciation,1
2,5,28331,Amortissements des installations techniques,,Accumulated Depreciation,0
2,5,28332,Amortissements du matériel et outillage,,Accumulated Depreciation,0
2,5,28333,Amortissements des emballages récupérables ident ifiables,,Accumulated Depreciation,0
2,5,28338,"Amortissements des autres installations techniques, matériel et outillage",,Accumulated Depreciation,0
2,4,2834,Amortissements du matériel de transport,,Accumulated Depreciation,0
2,4,2835,"Amortissements du mobilier, matériel de bureau et aménagements divers",,Accumulated Depreciation,1
2,5,28351,Amortissements du mobilier de bureau,,Accumulated Depreciation,0
2,5,28352,Amortissements du matériel de bureau,,Accumulated Depreciation,0
2,5,28355,Amortissements du matériel informatique,,Accumulated Depreciation,0
2,5,28356,"Amortissements des agencements, installations et aménagements divers",,Accumulated Depreciation,0
2,5,28358,"Amortissements des autres mobilier, matériel de bureau et aménagements divers",,Accumulated Depreciation,0
2,4,2838,Amortissements des autres immobilisations corporelles,,Accumulated Depreciation,0
2,2,29,PROVISIONS POUR DEPRECIATION DES IMMOBILISATIONS,,,1
2,3,292,Provisions pour dépréciation des immobilisations incorporelles,,,1
2,4,2920,Provisions pour dépréciation des immobilisations incorporelles,,,0
2,3,293,Provisions pour dépréciation des immobilisations corporelles,,,1
2,4,2930,Provisions pour dépréciation des immobilisations corporelles,,,0
2,3,294,Provisions pour dépréciation des immobilisations financières,,,1
2,4,2941,Provisions pour dépréciation des prêts immobilisés,,,0
2,4,2948,Provisions pour dépréciation des autres créances financières,,,0
2,3,295,Provisions pour dépréciation des immobilisations financières,,,1
2,4,2951,Provisions pour dépréciation des titres de participation,,,0
2,4,2958,Provisions pour dépréciation des autres titres immobilisés,,,0
3,1,3,COMPTES D'ACTIF CIRCULANT (HORS TRESORERIE),Asset,,1
3,2,31,STOCKS,,Stock,1
3,3,311,Marchandises,,Stock,1
3,4,3111,Marchandises (groupe A),,Stock,0
3,4,3112,Marchandises (groupe B),,Stock,0
3,4,3116,Marchandises en cours de route,,Stock,0
3,4,3118,Autres marchandises,,Stock,0
3,3,312,Matières et fournitures consommables,,Stock,1
3,4,3121,Matières premières,,Stock,1
3,5,31211,Matières premières (groupe A),,Stock,0
3,5,31212,Matières premières (groupe B),,Stock,0
3,4,3122,Matières et fournitures consommables,,Stock,1
3,5,31221,Matières consommables (groupe A),,Stock,0
3,5,31222,Matières consommables (groupe B),,Stock,0
3,5,31223,Combustibles,,Stock,0
3,5,31224,Produits d'entretien,,Stock,0
3,5,31225,Fournitures d'atelier et d'usine,,Stock,0
3,5,31226,Fournitures de magasin,,Stock,0
3,5,31227,Fournitures de bureau,,Stock,0
3,4,3123,Emballages,,Stock,1
3,5,31231,Emballages perdus,,Stock,0
3,5,31232,Emballages récupérables non identifiables,,Stock,0
3,5,31233,Emballages à usage mixte,,Stock,0
3,4,3126,Matières et fournitures consommables en cours de route,,Stock,0
3,4,3128,Autres matières et fournitures consommables,,Stock,0
3,3,313,Produits en cours,,Stock,1
3,4,3131,Biens en cours,,Stock,1
3,5,31311,Biens produits en cours,,Stock,0
3,5,31312,Biens intermédiaires en cours,,Stock,0
3,5,31317,Biens résiduels en cours,,Stock,0
3,4,3134,Services en cours,,Stock,1
3,5,31341,Travaux en cours,,Stock,0
3,5,31342,Etudes en cours,,Stock,0
3,5,31343,Prestations en cours,,Stock,0
3,4,3138,Autres produits en cours,,Stock,0
3,3,314,Produits intermédiaires et produits résiduels,,Stock,1
3,4,3141,Produits intermédiaires,,Stock,1
3,5,31411,Produits intermédiaires (groupe A),,Stock,0
3,5,31412,Produits intermédiaires (groupe B),,Stock,0
3,4,3145,Produits résiduels (ou matières de récupération),,Stock,1
3,5,31451,Déchets,,Stock,0
3,5,31452,Rebuts,,Stock,0
3,5,31453,Matières de récupération,,Stock,0
3,4,3148,Autres produits intermédiaires et produits résiduels,,Stock,0
3,3,315,Produits finis,,Stock,1
3,4,3151,Produits finis (groupe A),,Stock,0
3,4,3152,Produits finis (groupe B),,Stock,0
3,4,3156,Produits finis en cours de route,,Stock,0
3,4,3158,Autres produits finis,,Stock,0
3,2,34,CREANCES DE L'ACTIF CIRCULANT,,,1
3,3,341,"Fournisseurs débiteurs, avances et acomptes",,Receivable,1
3,4,3411,Fournisseurs - avances et acomptes versés sur commandes d'exploitation,,Receivable,0
3,4,3413,Fournisseurs - créances pour emballages et matériel à rendre,,Receivable,0
3,4,3417,"Rabais, remises et ristournes à obtenir - avoirs non encore reçus",,Receivable,0
3,4,3418,Autres fournisseurs débiteurs,,Receivable,0
3,3,342,Clients et comptes rattachés,,Receivable,1
3,4,3421,Clients,,Receivable,1
3,5,34211,Clients - catégorie A,,Receivable,0
3,5,34212,Clients - catégorie B,,Receivable,0
3,4,3423,Clients - retenues de garantie,,Receivable,0
3,4,3424,Clients douteux ou litigieux,,Receivable,0
3,4,3425,Clients - effets à recevoir,,Receivable,0
3,4,3427,Clients - factures à établir et créances sur travaux non encore facturés,,Receivable,1
3,5,34271,Clients - factures à établir,,Receivable,0
3,5,34272,Créances sur travaux non encore facturables,,Receivable,0
3,4,3428,Autres clients et comptes rattachés,,Receivable,0
3,3,343,Personnel - débiteur,,Receivable,1
3,4,3431,Avances et acomptes au personnel,,Receivable,0
3,4,3438,Personnel - autres débiteurs,,Receivable,0
3,3,345,Etat - débiteur,,Receivable,1
3,4,3451,Subventions à recevoir,,Receivable,1
3,5,34511,Subventions d'investissement à recevoir,,Receivable,0
3,5,34512,Subventions d'exploitation à recevoir,,Receivable,0
3,5,34513,Subventions d'équilibre à recevoir,,Receivable,0
3,4,3453,Acomptes sur impôts sur les résultats,,Receivable,0
3,4,3455,Etat - TVA récupérable,,Receivable,1
3,5,34551,Etat - TVA récupérable sur immobilisations,,Receivable,0
3,5,34552,Etat - TVA récupérable sur charges,,Receivable,0
3,4,3456,Etat - crédit de TVA (suivant déclaration),,Receivable,0
3,4,3458,Etat - autres comptes débiteurs,,Receivable,0
3,3,346,Comptes d'associés - débiteurs,,Receivable,1
3,4,3461,Associés - comptes d'apport en société,,Receivable,0
3,4,3462,Actionnaires - capital souscrit et appelé non versé,,Receivable,0
3,4,3463,Comptes courants des associés débiteurs,,Receivable,0
3,4,3464,Associés - opérations faites en commun,,Receivable,0
3,4,3467,Créances rattachées aux comptes d'associés,,Receivable,0
3,4,3468,Autres comptes d'associés débiteurs,,Receivable,0
3,3,348,Autres débiteurs,,Receivable,1
3,4,3481,Créances sur cessions d'immobilisations,,Receivable,0
3,4,3482,Créances sur cessions d'éléments d'actif circulant,,Receivable,0
3,4,3487,Créances rattachées aux autres débiteurs,,Receivable,0
3,4,3488,Divers débiteurs,,Receivable,0
3,3,349,Comptes de régularisation - actif,,Receivable,1
3,4,3491,Charges constatées d'avance,,Receivable,0
3,4,3493,Intérêts courus et non échus à percevoir,,Receivable,0
3,4,3495,Comptes de répartition périodique des charges,,,0
3,4,3497,Comptes transitoires ou d'attente - débiteurs,,Temporary,0
3,2,35,TITRES ET VALEURS DE PLACEMENT,,,1
3,3,350,Titres et valeurs de placement,,,1
3,4,3501,"Actions, partie libérée",,,0
3,4,3502,"Actions, partie non libérée",,,0
3,4,3504,Obligations,,,0
3,4,3506,Bons de caisse et bons de trésor,,,1
3,5,35061,Bons de caisse,,,0
3,5,35062,Bons de trésor,,,0
3,4,3508,Autres titres et valeurs de placement similaires,,,0
3,2,37,ECART DE CONVERSION - ACTIF (Eléments circulants),,,1
3,3,370,Ecart de conversion - Actif (éléments circulants),,,1
3,4,3701,Diminution des créances circulantes,,,0
3,4,3702,Augmentation des dettes circulantes,,,0
3,2,39,PROVISIONS POUR DEPRECIATION DES COMPTES DE L'ACTIF CIRCULANT,,,1
3,3,391,Provisions pour dépréciation des stocks,,,1
3,4,3911,Provisions pour dépréciation des marchandises,,,0
3,4,3912,Provisions pour dépréciation des matières et fournitures,,,0
3,4,3913,Provisions pour dépréciation des produits en cours,,,0
3,4,3914,Provisions pour dépréciation des produits intermédiaires,,,0
3,4,3915,Provisions pour dépréciation des produits finis,,,0
3,3,394,Provisions pour dépréciation des créances de l'actif circulant,,,1
3,4,3941,"Provisions pour dépréciation - fournisseurs débiteurs, avances et acomptes",,,0
3,4,3942,Provisions pour dépréciation des clients et comptes rattachés,,,0
3,4,3943,Provisions pour dépréciation du personnel - débiteur,,,0
3,4,3946,Provisions pour dépréciation des comptes d'associés débiteurs,,,0
3,4,3948,Provisions pour dépréciation des autres débiteurs,,,0
3,3,395,Provisions pour dépréciation des titres et valeurs de placement,,,1
3,4,3950,Provisions pour dépréciation des titres et valeurs de placement,,,0
4,1,4,COMPTES DU PASSIF CIRCULANT (HORS TRESORERIE),Liability,,1
4,2,44,DETTES DU PASSIF CIRCULANT,,Payable,1
4,3,441,Fournisseurs et comptes rattachés,,Payable,1
4,4,4411,Fournisseurs,,Payable,1
4,5,44111,Fournisseurs - catégorie A,,Payable,0
4,5,44112,Fournisseurs - catégorie B,,Payable,0
4,4,4413,Fournisseurs - retenues de garantie,,Payable,0
4,4,4415,Fournisseurs - effets à payer,,Payable,0
4,4,4417,Fournisseurs - factures non parvenues,,Stock Received But Not Billed,0
4,4,4418,Autres fournisseurs et comptes rattachés,,Payable,0
4,3,442,"Clients créditeurs, avances et acomptes",,Payable,1
4,4,4421,Clients - avances et acomptes reçus sur commandes en cours,,Payable,0
4,4,4425,Clients - dettes pour emballages et matériel consignés,,Payable,0
4,4,4427,"Rabais, remises et ristournes à accorder - avoirs à établir",,Payable,0
4,4,4428,Autres clients créditeurs,,Payable,0
4,3,443,Personnel - créditeur,,Payable,1
4,4,4432,Rémunérations dues au personnel,,Payable,0
4,4,4433,Dépôts du personnel créditeurs,,Payable,0
4,4,4434,Oppositions sur salaires,,Payable,0
4,4,4437,Charges du personnel à payer,,Payable,0
4,4,4438,Personnel - autres créditeurs,,Payable,0
4,3,444,Organismes sociaux,,Payable,1
4,4,4441,Caisse Nationale de la Sécurité Sociale,,Payable,0
4,4,4443,Caisses de retraite,,Payable,0
4,4,4445,Mutuelles,,Payable,0
4,4,4447,Charges sociales à payer,,Payable,0
4,4,4448,Autres organismes sociaux,,Payable,0
4,3,445,Etat - créditeur,,Payable,1
4,4,4452,"Etat Impôts, taxes et assimilés",,Payable,1
4,5,44521,"Etat, taxe urbaine et taxe d'édilité",,Payable,0
4,5,44522,"Etat, patente",,Payable,0
4,5,44525,"Etat, IGR",,Payable,0
4,4,4453,"Etat, impôts sur les résultats",,Payable,0
4,4,4455,"Etat, TVA facturée",,Payable,0
4,4,4456,"Etat, TVA due (suivant déclarations)",,Payable,0
4,4,4457,"Etat, impôts et taxes à payer",,Payable,0
4,4,4458,Etat - autres comptes créditeurs,,Payable,0
4,3,446,Comptes d'associés - créditeurs,,Payable,1
4,4,4461,Associés - capital à rembourser,,Payable,0
4,4,4462,Associés - versements reçus sur augmentation de capital,,Payable,0
4,4,4463,Comptes courants des associés créditeurs,,Payable,0
4,4,4464,Associés - opérations faites en commun,,Payable,0
4,4,4465,Associés - dividendes à payer,,Payable,0
4,4,4468,Autres comptes d'associés - créditeurs,,Payable,0
4,3,448,Autres créanciers,,Payable,1
4,4,4481,Dettes sur acquisitions d'immobilisations,,Payable,0
4,4,4483,Dettes sur acquisitions de titres et valeurs de placement,,Payable,0
4,4,4484,Obligations échues à rembourser,,Payable,0
4,4,4485,"Obligations, coupons à payer",,Payable,0
4,4,4487,Dettes rattachées aux autres créanciers,,Payable,0
4,4,4488,Divers créanciers,,Payable,0
4,3,449,Comptes de régularisation - passif,,Payable,1
4,4,4491,Produits constatés d'avance,,Payable,0
4,4,4493,Intérêts courus et non échus à payer,,Payable,0
4,4,4495,Comptes de répartition périodique des produits,,Payable,0
4,4,4497,Comptes transitoires ou d'attente - créditeurs,,Temporary,0
4,2,45,AUTRES PROVISIONS POUR RISQUES ET CHARGES,,,1
4,3,450,Autres provisions pour risques et charges,,,1
4,4,4501,Provisions pour litiges,,,0
4,4,4502,Provisions pour garanties données aux clients,,,0
4,4,4505,"Provisions pour amendes, doubles droits et pénalités",,,0
4,4,4506,Provisions pour pertes de change,,,0
4,4,4507,Provisions pour impôts,,,0
4,4,4508,Autres provisions pour risques et charges,,,0
4,2,47,ECARTS DE CONVERSION - PASSIF (Eléments circulants),,,1
4,3,470,Ecarts de conversion - passif (Eléments circulants),,,1
4,4,4701,Augmentation des créances circulantes,,,0
4,4,4702,Diminution des dettes circulantes,,,0
5,1,5,COMPTES DE TRESORERIE,Asset,,1
5,2,51,TRESORERIE - ACTIF,,,1
5,3,511,Chèques et valeurs à encaisser,,Bank,1
5,4,5111,Chèques à encaisser ou à l'encaissement,,Bank,1
5,5,51111,Chèques en portefeuille,,Bank,0
5,5,51112,Chèques à l'encaissement,,Bank,0
5,4,5113,Effets à encaisser ou à l'encaissement,,Bank,1
5,5,51131,Effets échus à encaisser,,Bank,0
5,5,51132,Effets à l'encaissement,,Bank,0
5,4,5115,Virement de fonds,,Bank,0
5,4,5118,Autres valeurs à encaisser,,Bank,0
5,3,514,"Banques, Trésorerie Générale et chèques postaux débiteurs",,Bank,1
5,4,5141,Banques (solde débiteur),,Bank,0
5,4,5143,Trésorerie Générale,,Bank,0
5,4,5146,Chèques postaux,,Bank,0
5,4,5148,Autres établissements financiers et assimilés (soldes débiteurs),,Bank,0
5,3,516,"Caisses, régies d'avances et accréditifs",,Cash,1
5,4,5161,Caisses,,Cash,1
5,5,51611,Caisse Centrale,,Cash,0
5,5,51613,Caisse (succursale ou agence A),,Cash,0
5,5,51614,Caisse (succursale ou agence B),,Cash,0
5,4,5165,Régies d'avances et accréditifs,,,0
5,2,55,TRESORERIE - PASSIF,,,1
5,3,552,Crédits d'escompte,,,1
5,4,5520,Crédits d'escompte,,,0
5,3,553,Crédits de trésorerie,,,1
5,4,5530,Crédits de trésorerie,,,0
5,3,554,Banques (solde créditeur),,,1
5,4,5541,Banques (solde créditeur),,,0
5,4,5548,Autres établissements financiers et assimilés (soldes créditeurs),,,0
5,2,59,PROVISIONS POUR DEPRECIATION DES COMPTES DE TRESORERIE,,,1
5,3,590,Provisions pour dépréciation des comptes de trésorerie,,,1
5,4,5900,Provisions pour dépréciation des comptes de trésorerie,,,0
6,1,6,COMPTES DE CHARGES,Expense,,1
6,2,61,CHARGES D'EXPLOITATION,,,1
6,3,611,Achats revendus de marchandises,,Cost of Goods Sold,1
6,4,6111,"Achats de marchandises ""groupe A""",,Cost of Goods Sold,0
6,4,6112,"Achats de marchandises ""groupe B""",,Cost of Goods Sold,0
6,4,6114,Variation de stocks de marchandises,,Stock Adjustment,0
6,4,6118,Achats revendus de marchandises des exercices antérieurs,,Cost of Goods Sold,0
6,4,6119,"Rabais, remises et ristournes obtenus sur achats de marchandises",,,0
6,3,612,Achats consommés de matières et fournitures,,Cost of Goods Sold,1
6,4,6121,Achats de matières premières,,Cost of Goods Sold,1
6,5,61211,Achats de matières premières A,,Cost of Goods Sold,0
6,5,61212,Achats de matières premières B,,Cost of Goods Sold,0
6,4,6122,Achats de matières et fournitures consommables,,Cost of Goods Sold,1
6,5,61221,Achats de matières et fournitures A,,Cost of Goods Sold,0
6,5,61222,Achats de matières et fournitures B,,Cost of Goods Sold,0
6,5,61223,Achats de combustibles,,Cost of Goods Sold,0
6,5,61224,Achats de produits d'entretien,,Cost of Goods Sold,0
6,5,61225,Achats de fournitures d'atelier et d'usine,,Cost of Goods Sold,0
6,5,61226,Achats de fournitures de magasin,,Cost of Goods Sold,0
6,5,61227,Achats de fournitures de bureau,,Cost of Goods Sold,0
6,4,6123,Achats d'emballages,,Cost of Goods Sold,0
5,5,51231,Achats d'emballages perdus,,Cost of Goods Sold,0
6,5,61232,Achats d'emballages récupérables non identifiables,,Cost of Goods Sold,0
6,5,61233,Achats d'emballages à usage mixte,,Cost of Goods Sold,0
6,4,6124,Variation des stocks de matières et fournitures,,Stock Adjustment,1
6,5,61241,Variation des stocks de matières premières,,Stock Adjustment,0
6,5,61242,Variation des stocks de matières et fournitures consommables,,Stock Adjustment,0
6,5,61243,Variation des stocks des emballages,,Stock Adjustment,0
6,4,6125,Achats non stockés de matières et fournitures,,Cost of Goods Sold,1
6,5,61251,"Achats de fournitures non stockables (eau, électricité,,)",,Cost of Goods Sold,0
6,5,61252,Achats de fournitures d'entretien,,Cost of Goods Sold,0
6,5,61253,Achats de petit outillage et petit équipement,,Cost of Goods Sold,0
6,5,61254,Achats de fournitures de bureau,,Cost of Goods Sold,0
6,4,6126,"Achats de travaux, études et prestations de service",,Cost of Goods Sold,1
6,5,61261,Achats des travaux,,Cost of Goods Sold,0
6,5,61262,Achats des études,,Cost of Goods Sold,0
6,5,61263,Achats des prestations de service,,Cost of Goods Sold,0
6,4,6128,Achats de matières et de fournitures des exercices antérieurs,,Cost of Goods Sold,0
6,4,6129,"Rabais, remises et ristournes obtenus sur achats consommés de matières et fournitures",,,1
6,5,61291,"Rabais, remises et ristournes obtenus sur achats de matières premières",,,0
6,5,61292,"Rabais, remises et ristournes obtenus sur achats de matières et fournitures consommables",,,0
6,5,61293,"Rabais, remises et ristournes obtenus sur achats des emballages",,,0
6,5,61295,"Rabais, remises et ristournes obtenus sur achats non stockés",,,0
6,5,61296,"Rabais, remises et ristournes obtenus sur achats de travaux, études et prestations de service",,,0
6,5,61298,"Rabais, remises et ristournes obtenus sur achats de matières et fournitures des exercices antérieurs",,,0
6,3,613,Autres charges externes,,,1
6,4,6131,Locations et charges locatives,,,1
6,5,61311,Locations de terrains,,,0
6,5,61312,Locations de constructions,,,0
6,5,61313,Locations de matériel et d'outillage,,,0
6,5,61314,Locations de mobilier et de matériel de bureau,,,0
6,5,61315,Locations de matériel informatique,,,0
6,5,61316,Locations de matériel de transport,,,0
6,5,61317,Malis sur emballages rendus,,,0
6,5,61318,Locations et charges locatives diverses,,,0
6,4,6132,Redevances de crédit-bail,,,1
6,5,61321,Redevances de crédit-bail - mobilier et matériel,,,0
6,4,6133,Entretien et réparations,,,1
6,5,61331,Entretien et réparations des biens immobiliers,,,0
6,5,61332,Entretien et réparations des biens mobiliers,,,0
6,5,61335,Maintenance,,,0
6,4,6134,Primes d'assurances,,,1
6,5,61341,"Assurances multirisque (vol, incendie,R,C,)",,,0
6,5,61343,Assurances - risques d'exploitation,,,0
6,5,61345,Assurances - Matériel de transport,,,0
6,5,61348,Autres assurances,,,0
6,4,6135,Rémunérations du personnel extérieur à l'entreprise,,,1
6,5,61351,Rémunérations du personnel occasionnel,,,0
6,5,61352,Rémunérations du personnel intérimaire,,,0
6,5,61353,Rémunérations du personnel détaché ou prêté à l'entreprise,,,0
6,4,6136,Rémunérations d'intermédiaires et honoraires,,,1
6,5,61361,Commissions et courtages,,,0
6,5,61365,Honoraires,,,0
6,5,61367,Frais d'actes et de contentieux,,,0
6,4,6137,"Redevances pour brevets, marques, droits et valeurs similaires",,,1
6,5,61371,Redevances pour brevets,,,0
6,5,61378,Autres redevances,,,0
6,3,614,Autres charges externes,,,1
6,4,6141,"Etudes, recherches et documentation",,,1
6,5,61411,Etudes générales,,,0
6,5,61413,Recherches,,,0
6,5,61415,Documentation générale,,,0
6,5,61416,Documentation technique,,,0
6,4,6142,Transports,,,1
6,5,61421,Transports du personnel,,,0
6,5,61425,Transports sur achats,,,0
6,5,61426,Transports sur ventes,,,0
6,5,61428,Autres transports,,,0
6,4,6143,"Déplacements, missions et réceptions",,,1
6,5,61431,Voyages et déplacements,,,0
6,5,61433,Frais de déménagement,,,0
6,5,61435,Missions,,,0
6,5,61436,Réceptions,,,0
6,4,6144,"Publicité, publications et relations publiques",,,1
6,5,61441,Annoces et insertions,,,0
6,5,61442,"Echantillons, catalogues et imprimés publicitaires",,,0
6,5,61443,Foires et expositions,,,0
6,5,61444,Primes de publicité,,,0
6,5,61446,Publications,,,0
6,5,61447,Cadeaux à la clientèle,,,0
6,5,61448,Autres charges de publicité et relations publiques,,,0
6,4,6145,Frais postaus et frais de télécommunications,,,1
6,5,61451,Frais postaux,,,0
6,5,61455,Frais de téléphone,,,0
6,5,61456,Frais de télex et de télégrammes,,,0
6,4,6146,Cotisations et dons,,,1
6,5,61461,Cotisations,,,0
6,5,61462,Dons,,,0
6,4,6147,Services bancaires,,,1
6,5,61471,Frais d'achat et de vente des titres,,,0
6,5,61472,Frais sur effets de commerce,,,0
6,5,61473,Frais et commisions sur services bancaires,,,0
6,4,6148,Autres charges externes des exercices antérieurs,,,0
6,4,6149,"Rabais, remises et ristournes obtenus sur autres charges externes",,,0
6,3,616,Impôts et taxes,,,1
6,4,6161,Impôts et taxes directs,,,1
6,5,61611,Taxe urbaine et taxe d'édilité,,,0
6,5,61612,Patente,,,0
6,5,61615,Taxes locales,,,0
6,4,6165,Impôts et taxes directs,,,0
6,4,6167,"Impôts, taxes et droits assimilés",,,1
6,5,61671,Droits d’enregistrement et de timbre,,,0
6,5,61673,Taxes sur les véhicules,,,0
6,5,61678,"Autres impôts, taxes et droits assimilés",,,0
6,4,6168,Impôts et taxes des exercices antérieurs,,,0
6,3,617,Charges de personnel,,,1
6,4,6171,Rémunérations du personnel,,,1
6,5,61711,Appointements et salaires,,,0
6,5,61712,Primes et gratifications,,,0
6,5,61713,Indemnités et avantages divers,,,0
6,5,61714,Commissions au personnel,,,0
6,5,61715,"Rémunérations des administrateurs, gérants et associés",,,0
6,4,6174,Charges sociales,,,1
6,5,61741,Cotisations de sécurité sociale,,,0
6,5,61742,Cotisations aux caisses de retraite,,,0
6,5,61743,Cotisations aux mutuelles,,,0
6,5,61744,Prestations familiales,,,0
6,5,61745,Assurances accidents de travail,,,0
6,4,6176,Charges sociales diverses,,,1
6,5,61761,Assurances groupe,,,0
6,5,61762,Prestations de retarites,,,0
6,5,61763,Allocations aux œuvres sociales,,,0
6,5,61764,Habillement et vêtements de travail,,,0
6,5,61765,Indemnités de préavis et de licenciement,,,0
6,5,61766,"Médecine de travail, pharmacie",,,0
6,5,61768,Autres charges sociales diverses,,,0
6,4,6177,Rémunération de l'exploitant,,,1
6,5,61771,Appointements et salaires,,,0
6,5,61774,Charges sociales sur appointements et salaires de l’exploitant,,,0
6,4,6178,Charges du personnel des exercices antérieurs,,,0
6,3,618,Autres charges d'exploitation,,,1
6,4,6181,Jetons de présence,,,0
6,4,6182,Pertes sur créances irrécouvrables,,,0
6,4,6185,Pertes sur opérations faites en commun,,,0
6,4,6186,Transfert de profits sur opérations faites en commun,,,0
6,4,6188,Autres charges d’exploitation des exercices antérieurs,,,0
6,3,619,Dotations d’exploitation,,,1
6,4,6191,Dotations d’exploitation aux amortissements de l’immobilisation en non valeur,,,1
6,5,61911,D.E.A. des frais préliminaires,,,0
6,5,61912,D.E.A. des charges à répartir,,,0
6,4,6192,Dotations d’exploitation aux amortissements des immobilisations incorporelles,,,1
6,5,61921,D.E.A. de l’immobilisation en recherche et développement,,,0
6,5,61922,"D.E.A. des brevets, marques, droits et valeurs similaires",,,0
6,5,61923,D.E.A. du fonds commercial,,,0
6,5,61928,D.E.A. des autres immobilisations incorporelles,,,0
6,4,6193,Dotations d’exploitation aux amortissements des immobilisations corporelles,,,1
6,5,61931,D.E.A. des terrains,,,0
6,5,61932,D.E.A. des constructions,,,0
6,5,61933,"D.E.A. des installations techniques, matériel et outillage",,,0
6,5,61934,D.E.A. du matériel de transport,,,0
6,5,61935,"D.E.A. des mobiliers, matériels de bureau et aménagements divers",,,0
6,5,61938,D.E.A. des autres immobilisations corporelles,,,0
6,4,6194,Dotations d’exploitation aux provisions pour dépréciation des immobilisations,,,1
6,5,61942,D.E.P. pour dépréciation des immobilisations incorporelles,,,0
6,5,61943,D.E.P. pour dépréciation des immobilisations corporelles,,,0
6,4,6195,Dotations d’exploitation aux provisions pour risques et charges,,,1
6,5,61955,D.E.P. pour risques et charges durables,,,0
9,5,91957,D.E.P. pour risques et charges momentanés,,,0
6,4,6196,Dotations d’exploitation aux provisions pour dépréciations de l’actif circulant,,,1
6,5,61961,D.E.P. pour dépréciation des stocks,,,0
6,5,61964,D.E.P. pour dépréciation des créances de l’actif circulant,,,0
6,4,6198,Dotations d’exploitation des exercices antérieurs,,,1
6,5,61981,D.E. aux amortissements des exercices antérieurs,,,0
6,5,61984,D.E. aux provisions des exercices antérieurs,,,0
6,2,63,CHARGES FINANCIERES,,,1
6,3,631,Charges d’intérêts,,,1
6,4,6311,Intérêts des emprunts et dettes,,,1
6,5,63111,Intérêts des emprunts,,,0
6,5,63113,Intérêts des dettes rattachées à des participations,,,0
6,5,63114,Intérêts des comptes courants et dépôts créditeurs,,,0
6,5,63115,Intérêts bancaires et sur opérations de financement,,,0
6,5,63118,Autres intérêts des emprunts et dettes,,,0
6,4,6318,Charges d’intérêts des exercices antérieurs,,,0
6,3,633,Pertes de change,,,1
6,4,6331,Pertes de change propres à l’exercice,,,0
6,4,6338,Pertes de change des exercices antérieurs,,,0
6,3,638,Autres charges financières,,,1
6,4,6382,Pertes sur créances liées à des participations,,,0
6,4,6385,Charges nettes sur cession de titres et valeurs de placement,,,0
6,4,6386,Escomptes accordés,,,0
6,4,6388,Autres charges financières des exercices antérieurs,,,0
6,3,639,Dotations financières,,,1
6,4,6391,Dotations aux amortissements des primes de remboursement des obligations,,,0
6,4,6392,Dotations aux provisions pour dépréciations des immobilisations financières,,,0
6,4,6393,Dotations aux provisions pour risques et charges financières,,,0
6,4,6394,Dotation aux provisions pour dépréciation des titres et valeurs de placement,,,0
9,4,9396,Dotations aux provisions pour dépréciation des compte de trésoreie,,,0
6,4,6398,Dotations financières des exercices antérieurs,,,0
6,2,65,CHARGES NON COURANTES,,,1
6,3,651,Valeurs nettes d’amortissements des immobilisations cédées ( V.N.A ),,,1
6,4,6512,VNA des immobilisations incorporelles cédées,,,0
6,4,6513,VNA des immobilisations corporelles cédées,,,0
6,4,6514,VNA provisions des immobilisations financières cédées (droits de propriété),,,0
6,4,6518,VNA des immobilisations cédées des exercices antérieurs,,,0
6,3,656,Subventions accordées,,,1
6,4,6561,Subventions accordées de l’exercice,,,0
6,4,6568,Subventions accordées des exercices antérieurs,,,0
6,3,658,Autres charges non courantes,,,1
6,4,6581,Pénalités sur marchés et dédits,,,1
6,5,65811,Pénalités sur marchés,,,0
6,5,65812,Dédits,,,0
6,4,6582,Rappels d’impôts (autres qu’impôts sur les résultats),,,0
6,4,6583,Pénalités et amendes fiscales ou pénales,,,1
6,5,65831,Pénalités et amendes fiscales,,,0
6,5,65833,Pénalités et amendes pénales,,,0
6,4,6585,Créances devenues irrécouvrables,,,0
6,4,6586,"Dons, libéralités et lots",,,1
6,5,65861,Dons,,,0
6,5,65862,Libéralités,,,0
6,5,65863,Lots,,,0
6,4,6588,Autres charges non courantes des exercices antérieurs,,,0
6,3,659,Dotations non courantes,,,1
6,4,6591,Dotations aux amortissements exceptionnels des immobilisations,,,1
6,5,65911,D.A.E. de l’immobilisation en non-valeurs,,,0
6,5,65912,D.A.E. des immobilisations incorporelles,,,0
6,5,65913,D.A.E. des immobilisations corporelles,,,0
6,4,6594,Dotations non courantes aux provisions réglementées,,,1
6,5,65941,D.N.C. pour amortissements dérogatoires,,,0
6,5,65942,D.N.C. pour plus-values en instance d'imposition,,,0
6,5,65944,D.N.C. pour investissements,,,0
6,5,65945,D.N.C. pour reconstitution de gisements,,,0
6,5,65946,D.N.C. pour acquisition et construction de logements,,,0
6,4,6595,Dotations non courantes aux provisions pour risques et charges,,,1
6,5,65955,D.N.C. aux provisions pour risques et charges durables,,,0
6,5,65957,D.N.C. aux provisions pour risques et charges momentanés,,,0
6,4,6596,Dotations non courantes aux provisions pour dépréciation,,,1
6,5,65962,D.N.C. aux provisions pour dépréciation de l’actif immobilisé,,,0
6,5,65963,D.N.C. aux provisions pour dépréciation de l’actif circulant,,,0
6,4,6598,Dotations non courantes des exercices antérieurs,,,0
6,2,67,IMPOTS SUR LES RESULTATS,,,1
6,3,670,Impôts sur les résulatats,,,1
6,4,6701,Impôts sur les bénéfices,,,0
6,4,6705,Imposition minimale annuelle des sociétés,,,0
6,4,6708,Rappels et dégrèvements d’impôts sur les résultats,,,0
7,1,7,COMPTES DE PRODUITS,Income,,1
7,2,71,PRODUITS D’EXPLOITATION,,,1
7,3,711,Ventes de marchandises,,,1
7,4,7111,Ventes de marchandises au Maroc,,,0
7,4,7113,Ventes de marchandises à l’étranger,,,0
7,4,7118,Ventes de marchandises des exercices antérieurs,,,0
7,4,7119,"Rabais, remises et ristournes accordés par l’entreprise",,,0
7,3,712,Ventes de biens et services produits,,,1
7,4,7121,Ventes de biens produits au Maroc,,,1
7,5,71211,Ventes de produits finis,,,0
7,5,71212,Ventes de produits intermédiaires,,,0
7,5,71217,Ventes de produits résiduels,,,0
7,4,7122,Ventes de biens produits à l’étranger,,,1
7,5,71221,Ventes de produits finis,,,0
7,5,71222,Ventes de produits intermédiaires,,,0
7,4,7124,Ventes de services produits au Maroc,,,1
7,5,71241,Travaux,,,0
7,5,71242,Etudes,,,0
7,5,71243,Prestations de services,,,0
7,4,7125,Ventes de services produits à l'étranger,,,1
7,5,71251,Travaux,,,0
7,5,71252,Etudes,,,0
7,5,71253,Prestations de services,,,0
7,4,7126,"Redevances pour brevets, marques, droits et valeurs similaires",,,0
7,4,7127,Ventes de produits accessoires,,,1
7,5,71271,Locations divers es reçues,,,0
7,5,71272,Commissions et courtages reçus,,,0
7,5,71273,Produits de services exploités dans l'intérêt du personnel,,,0
7,5,71275,Bonis sur reprises d'emballages consignés,,,0
7,5,71276,Ports et frais accessoires facturés,,,0
7,5,71278,Autres ventes et produits accessoires,,,0
7,4,7128,Ventes de biens et services produits des exercices antérieurs,,,0
7,4,7129,"Rabais, remises et ristournes accordés par l’entreprise",,,1
7,5,71291,"R,R,R accordées sur ventes au Maroc des biens produits",,,0
7,5,71292,"R,R,R accordées sur ventes à l'étranger des biens produits",,,0
7,5,71294,"R,R,R accordées sur ventes au Maroc des services produits",,,0
7,5,71295,"R,R,R accordées sur ventes à l'étranger des services produits",,,0
7,5,71298,"Rabais, remises et ristournes accordés sur ventes de B & S produits des exercices antérieurs",,,0
7,3,713,Variation des stocks de produits,,,1
7,4,7131,Variation des stocks de produits en cours,,,1
7,5,71311,Variation des stocks de biens produits en cours,,,0
7,5,71312,Variation des stocks de produits intermédiaires en cours,,,0
7,5,71317,Variation des stocks de produits résiduels en cours,,,0
7,4,7132,Variation des stocks de biens produits,,,1
7,5,71321,Variation des stocks de produits finis,,,0
7,5,71322,Variation des stocks de produits intermédiaires,,,0
7,5,71327,Variation des stocks de produits résiduels,,,0
7,4,7134,Variation des stocks de services en cours,,,1
7,5,71341,Variation des stocks de travaux en cours,,,0
7,5,71342,Variation des stocks d'études en cours,,,0
7,5,71343,Variation des stocks de prestations en cours,,,0
7,3,714,Immobilisations produites par l’entreprise pour elle même,,,1
7,4,7141,Immobilisation en non valeurs produite,,,0
7,4,7142,Immobilisations incorporelles produites,,,0
7,4,7143,Immobilisations corporelles produites,,,0
7,4,7148,Immobilisations produites des exercices antérieurs,,,0
7,3,716,Subventions d’exploitation,,,1
7,4,7161,Subventions d’exploitations reçues de l’exercice,,,0
7,4,7168,Subventions d’exploitation reçues des exercices antérieurs,,,0
7,3,718,Autres produits d’exploitation,,,1
7,4,7181,Jetons de présence reçus,,,0
7,4,7182,Revenus des immeubles non affectés à l’exploitation,,,0
7,4,7185,Profits sur opérations faites en commun,,,0
7,4,7186,Transfert de pertes sur opérations faites en commun,,,0
7,4,7188,Autres produits d’exploitation des exercices antérieurs,,,0
7,3,719,"Reprise d’exploitation, transferts de charges",,,1
7,4,7191,Reprises sur amortissements de l’immobilisation en non valeurs,,,0
7,4,7192,Reprises sur amortissements des immobilisations incorporelles,,,0
7,4,7193,Reprises sur amortissements des immobilisations corporelles,,,0
7,4,7194,Reprises sur provisions pour dépréciation des immobilisations,,,0
7,4,7195,Reprises sur provisions pour risques et charges,,,0
7,4,7196,Reprises sur provisions pour dépréciation de l’actif circulant,,,0
7,4,7197,Transferts des charges d’exploitation,,,1
7,5,71971,"T,C,E - Achats de marchandises",,,0
7,5,71972,"T,C,E - Achats consommés de matières et fournitures",,,0
7,5,71973,"T,C,E - Autes charges externes",,,0
7,5,71975,"T,C,E - Impôts et taxes",,,0
7,5,71976,"T,C,E - Charges de personnel",,,0
7,5,71978,"T,C,E - Autres charges d'exploitation",,,0
7,4,7198,Reprises sur amortissements et provisions des exercices antérieurs,,,1
7,5,71981,Reprises sur amortissements des exercices antérieurs,,,0
7,5,71984,Reprises sur provisions des exercices antérieurs,,,0
7,2,73,PRODUITS FINANCIERS,,,1
7,3,732,Produits des titres de participation et des autres titres immobilisés,,,1
7,4,7321,Revenus des titres de participation,,,0
7,4,7325,Revenus des titres immobilisés,,,0
7,4,7328,Produits des titres de participation et des autres titres immobilisés des exercices antérieurs,,,0
7,3,733,Gains de change,,,1
7,4,7331,Gains de change propres à l’exercice,,,0
7,4,7338,Gains de change des exercices antérieurs,,,0
7,3,738,Intérêts et autres produits financiers,,,1
7,4,7381,Intérêts et produits assimilés,,,1
7,5,73811,Intérêts des prêts,,,0
7,5,73813,Revenus des autres créances financières,,,0
7,4,7383,Revenus des créances rattachées à des participations,,,0
7,4,7384,Revenus des titres et valeurs de placement,,,0
7,4,7385,Produits nets sur cessions de titres et valeurs de placement,,,0
7,4,7386,Escomptes obtenus,,,0
7,4,7388,Intérêts et autres produits financiers des exercices antérieurs,,,0
7,3,739,"Reprises financières, transferts de charges",,,1
7,4,7391,Reprises sur amortissements des primes de remboursement des obligations,,,0
7,4,7392,Reprises sur provisions pour dépréciation des immobilisations financières,,,0
7,4,7393,Reprises sur provisions pour risques et charges financières,,,0
7,4,7394,Reprise sur provisions pour dépréciation des titres et valeurs de placement,,,0
7,4,7396,Reprises sur provisions pour dépréciation des comptes de trésorerie,,,0
7,4,7397,Transfert de charges financières,,,1
7,5,73971,Transfert - Charges d'intérêts,,,0
7,5,73973,Transfert - Pertes de change,,,0
7,5,73978,Transfert - Autres charges financières,,,0
7,4,7398,Reprises sur dotations financières des exercices antérieurs,,,0
7,2,75,PRODUITS NON COURANTS,,,1
7,3,751,Produits des cessions d’immobilisations,,,1
7,4,7512,Produits des cessions des immobilisations incorporelles,,,0
7,4,7513,Produits des cessions des immobilisations corporelles,,,0
7,4,7514,Produits des cessions des immobilisations financières (droits de propriété),,,0
7,4,7518,Produits des cessions des immobilisations des exercices antérieurs,,,0
7,3,756,Subventions d’équilibre,,,1
7,4,7561,Subventions d’équilibre reçues de l’exercice,,,0
7,4,7568,Subventions d’équilibre reçues des exercices antérieurs,,,0
7,3,757,Reprise sur subventions d’investissements,,,1
7,4,7577,Reprises sur subventions d’investissement de l’exercice,,,0
7,4,7578,Reprises sur subventions d’investissement des exercices antérieurs,,,0
7,3,758,Autres produits non courants,,,1
7,4,7581,Pénalités et dédits reçus,,,1
7,5,75811,Pénalités reçues sur marchés,,,0
7,5,75812,Dédits reçus,,,0
7,4,7582,Dégrèvement d’impôts (autres qu’impôts sur les résultats),,,0
7,4,7585,Rentrées sur créances soldées,,,0
7,4,7586,"Dons, libéralités et lots reçus",,,1
7,5,75861,Dons,,,0
7,5,75862,Libéralités,,,0
7,5,75863,Lots,,,0
7,4,7588,Autres produits non courants des exercices antérieurs,,,0
7,4,7591,Reprises non courantes sur amortissements exceptionnels des immobilisations,,,1
7,5,75911,"R,A,E de l'mmobilisation en non valeurs",,,0
7,5,75912,"R,A,E des immobilisations incorporelles",,,0
7,5,75913,"R,A,E des immobilisations corporelles",,,0
7,4,7594,Reprises non courantes sur provisions réglementées,,,1
7,5,75941,Reprises sur amortissements dérogatoires,,,0
7,5,75942,Reprises sur plus-values en instance d'imposition,,,0
7,5,75944,Reprises sur provisions pour investissements,,,0
7,5,75945,Reprises sur provisions pour reconstitution de gisements,,,0
7,5,75946,Reprises sur provisions pour acquisition et construction de logements,,,0
7,4,7595,Reprises non courantes sur provisions pour risques et charges,,,1
7,5,75955,Reprises sur provisions pour risques et charges durables,,,0
7,5,75957,Reprises sur provisions pour risques et charges momentanés,,,0
7,4,7596,Reprises non courantes sur provisions pour dépréciation,,,1
7,5,75962,"R,N,C sur provisions pour dépréciation de l'actif immobilisé",,,0
7,5,75963,"R,N,C sur provisions pour dépréciation de l'actif circulant",,,0
7,4,7597,Transferts de charges non courantes,,,0
7,4,7598,Reprises non courantes des exercices antérieurs.,,,
